Date,Time,Open,High,Low,Close,Volume
2025-02-24,20:45:00,2949.88,2951.46,2949.5,2950.51,7519
2025-02-24,21:00:00,2950.52,2951.46,2950.22,2950.94,1769
2025-02-24,21:15:00,2950.93,2951.63,2950.88,2951.62,1845
2025-02-24,21:30:00,2951.61,2952.98,2951.21,2951.33,1797
2025-02-24,21:45:00,2951.33,2952.98,2951.01,2952.63,1473
2025-02-24,23:00:00,2952.1,2953.38,2950.02,2950.05,944
2025-02-24,23:15:00,2950.01,2951.47,2948.11,2951.28,1499
2025-02-24,23:30:00,2951.29,2953.31,2950.88,2952.23,1295
2025-02-24,23:45:00,2952.22,2952.48,2948.93,2949.92,1774
2025-02-25,00:00:00,2949.99,2952.5,2949.35,2949.45,2513
2025-02-25,00:15:00,2949.45,2949.45,2948.22,2948.77,1436
2025-02-25,00:30:00,2948.78,2949.86,2948.65,2948.89,1939
2025-02-25,00:45:00,2948.9,2950.1,2948.53,2949.6,2287
2025-02-25,01:00:00,2949.61,2952.37,2948.83,2951.33,8787
2025-02-25,01:15:00,2951.34,2951.51,2948.79,2949.79,8403
2025-02-25,01:30:00,2949.79,2950.77,2945.2,2947.29,7161
2025-02-25,01:45:00,2947.3,2949.55,2946.28,2949.54,9512
2025-02-25,02:00:00,2949.53,2951.05,2948.72,2949.93,4442
2025-02-25,02:15:00,2949.93,2952.27,2949.39,2949.79,8542
2025-02-25,02:30:00,2949.8,2951.16,2949.43,2950.58,4620
2025-02-25,02:45:00,2950.59,2950.59,2946.99,2948.56,6256
2025-02-25,03:00:00,2948.56,2949.43,2947.53,2948.66,5989
2025-02-25,03:15:00,2948.65,2948.71,2944.79,2944.85,7996
2025-02-25,03:30:00,2944.84,2945.47,2942.31,2942.87,6497
2025-02-25,03:45:00,2942.87,2942.87,2937.45,2939.49,9558
2025-02-25,04:00:00,2939.5,2939.76,2935.9,2935.96,3905
2025-02-25,04:15:00,2935.97,2938.64,2934.96,2937.16,5096
2025-02-25,04:30:00,2937.17,2938.85,2936.66,2937.58,4475
2025-02-25,04:45:00,2937.57,2937.64,2935.83,2936.76,2725
2025-02-25,05:00:00,2936.76,2939.43,2936.57,2938.93,4328
2025-02-25,05:15:00,2938.93,2939.43,2937.43,2939.04,2625
2025-02-25,05:30:00,2939.03,2940.95,2938.39,2938.6,6798
2025-02-25,05:45:00,2938.58,2939.87,2936.79,2937.96,6775
2025-02-25,06:00:00,2937.96,2938.01,2936.56,2936.63,6192
2025-02-25,06:15:00,2936.64,2938.38,2935.38,2935.65,4029
2025-02-25,06:30:00,2935.64,2935.72,2934.3,2935.44,3707
2025-02-25,06:45:00,2935.43,2937.11,2933.47,2935.77,5035
2025-02-25,07:00:00,2935.75,2940.34,2934.77,2939.02,8070
2025-02-25,07:15:00,2938.99,2939.13,2936.06,2937.69,4996
2025-02-25,07:30:00,2937.7,2938.81,2933.6,2933.92,8811
2025-02-25,07:45:00,2933.92,2934.7,2930.56,2931.63,10499
2025-02-25,08:00:00,2931.64,2933.73,2929.45,2933.23,10866
2025-02-25,08:15:00,2933.22,2934.83,2931.87,2934.72,7342
2025-02-25,08:30:00,2934.7,2941.12,2934.13,2940.76,6638
2025-02-25,08:45:00,2940.76,2942.35,2938.9,2941.56,4896
2025-02-25,09:00:00,2941.55,2942.32,2937.42,2940.35,6749
2025-02-25,09:15:00,2940.36,2940.97,2939.2,2939.25,5200
2025-02-25,09:30:00,2939.25,2942.1,2939.14,2941.97,3980
2025-02-25,09:45:00,2941.96,2942.11,2938.83,2938.91,4748
2025-02-25,10:00:00,2938.9,2939.73,2937.37,2939.27,5785
2025-02-25,10:15:00,2939.29,2940.73,2938.48,2939.22,5564
2025-02-25,10:30:00,2939.21,2941.46,2938.92,2940.3,5307
2025-02-25,10:45:00,2940.3,2940.38,2937.45,2937.49,4894
2025-02-25,11:00:00,2937.49,2939.86,2937.04,2938.83,4861
2025-02-25,11:15:00,2938.83,2940.19,2938.2,2939.89,3626
2025-02-25,11:30:00,2939.89,2940.48,2938.76,2939.28,5118
2025-02-25,11:45:00,2939.28,2940.38,2937.67,2938.59,4991
2025-02-25,12:00:00,2938.6,2940.69,2938.33,2940.47,6587
2025-02-25,12:15:00,2940.46,2941.22,2934.27,2934.34,8452
2025-02-25,12:30:00,2934.34,2934.64,2924.01,2925.81,18557
2025-02-25,12:45:00,2925.8,2930.43,2923.99,2928.56,14805
2025-02-25,13:00:00,2928.56,2931.94,2926.13,2931.01,15602
2025-02-25,13:15:00,2931.01,2931.93,2927.49,2928.67,11686
2025-02-25,13:30:00,2928.68,2935.45,2927.61,2934.22,13673
2025-02-25,13:45:00,2934.2,2937.89,2932.94,2937.4,14701
2025-02-25,14:00:00,2937.33,2940.43,2937.21,2939.71,11997
2025-02-25,14:15:00,2939.71,2942.78,2939.66,2942.54,11653
2025-02-25,14:30:00,2942.55,2944.83,2938.39,2938.68,15295
2025-02-25,14:45:00,2938.65,2939.87,2931.97,2932.57,15122
2025-02-25,15:00:00,2932.57,2934.83,2927.07,2927.66,18611
2025-02-25,15:15:00,2927.67,2927.88,2909.9,2910.14,26244
2025-02-25,15:30:00,2910.14,2910.85,2900.5,2904.14,28646
2025-02-25,15:45:00,2904.16,2909.43,2902.71,2905.79,20498
2025-02-25,16:00:00,2905.79,2906.83,2888.2,2897.43,24324
2025-02-25,16:15:00,2897.42,2901.26,2893.97,2895.0,18113
2025-02-25,16:30:00,2895.01,2899.24,2890.23,2894.97,14306
2025-02-25,16:45:00,2894.95,2898.02,2890.77,2896.3,12380
2025-02-25,17:00:00,2896.3,2897.03,2893.59,2895.99,10170
2025-02-25,17:15:00,2896.01,2900.92,2895.8,2900.23,9157
2025-02-25,17:30:00,2900.24,2903.62,2899.99,2903.17,9556
2025-02-25,17:45:00,2903.17,2908.8,2902.84,2907.53,10675
2025-02-25,18:00:00,2907.53,2912.18,2906.45,2906.81,10583
2025-02-25,18:15:00,2906.8,2908.26,2905.38,2905.9,8852
2025-02-25,18:30:00,2905.91,2909.7,2905.34,2909.12,6963
2025-02-25,18:45:00,2909.12,2911.55,2909.04,2909.46,5661
2025-02-25,19:00:00,2909.44,2910.05,2907.58,2907.91,6071
2025-02-25,19:15:00,2907.91,2908.24,2905.68,2907.2,4834
2025-02-25,19:30:00,2907.21,2912.98,2907.21,2912.89,5775
2025-02-25,19:45:00,2912.91,2913.82,2911.46,2912.02,6148
2025-02-25,20:00:00,2912.01,2912.77,2910.78,2911.28,6747
2025-02-25,20:15:00,2911.26,2913.32,2910.83,2912.62,6122
2025-02-25,20:30:00,2912.61,2913.21,2911.42,2912.71,4602
2025-02-25,20:45:00,2912.7,2913.26,2911.51,2912.69,7302
2025-02-25,21:00:00,2912.69,2917.24,2912.61,2916.62,4854
2025-02-25,21:15:00,2916.63,2917.12,2915.89,2915.92,2865
2025-02-25,21:30:00,2915.93,2916.76,2913.49,2914.08,2459
2025-02-25,21:45:00,2914.06,2915.66,2913.57,2914.47,1540
2025-02-25,23:00:00,2913.8,2916.88,2913.31,2914.72,1409
2025-02-25,23:15:00,2914.62,2915.21,2913.59,2914.36,1227
2025-02-25,23:30:00,2914.37,2916.87,2914.37,2916.54,1036
2025-02-25,23:45:00,2916.57,2918.91,2916.33,2918.55,1442
2025-02-26,00:00:00,2918.52,2924.4,2918.52,2924.32,3484
2025-02-26,00:15:00,2924.3,2926.02,2923.4,2923.52,4349
2025-02-26,00:30:00,2923.54,2925.46,2923.54,2924.93,2500
2025-02-26,00:45:00,2924.94,2925.63,2921.85,2923.46,4669
2025-02-26,01:00:00,2923.47,2925.75,2922.49,2923.56,9093
2025-02-26,01:15:00,2923.59,2930.11,2923.59,2927.55,7487
2025-02-26,01:30:00,2927.55,2928.17,2923.36,2925.33,9471
2025-02-26,01:45:00,2925.31,2925.33,2915.17,2917.75,7636
2025-02-26,02:00:00,2917.76,2919.98,2914.62,2916.79,6645
2025-02-26,02:15:00,2916.78,2919.62,2916.76,2918.25,4980
2025-02-26,02:30:00,2918.25,2920.92,2917.18,2917.77,5625
2025-02-26,02:45:00,2917.77,2923.07,2917.05,2920.96,6794
2025-02-26,03:00:00,2920.96,2921.58,2919.84,2920.66,3523
2025-02-26,03:15:00,2920.68,2920.91,2919.42,2920.3,3456
2025-02-26,03:30:00,2920.31,2920.84,2918.61,2919.08,2161
2025-02-26,03:45:00,2919.08,2919.9,2916.37,2917.1,2316
2025-02-26,04:00:00,2917.1,2918.85,2915.59,2915.69,3171
2025-02-26,04:15:00,2915.71,2915.92,2912.63,2915.22,4104
2025-02-26,04:30:00,2915.21,2915.77,2913.35,2913.72,1755
2025-02-26,04:45:00,2913.71,2915.91,2913.4,2914.96,2029
2025-02-26,05:00:00,2914.95,2917.78,2914.88,2917.14,2655
2025-02-26,05:15:00,2917.14,2921.02,2914.89,2919.89,3787
2025-02-26,05:30:00,2919.88,2920.17,2914.72,2916.11,4541
2025-02-26,05:45:00,2916.12,2917.41,2914.97,2915.32,4884
2025-02-26,06:00:00,2915.32,2916.11,2908.83,2910.55,6232
2025-02-26,06:15:00,2910.56,2913.05,2909.92,2912.29,3124
2025-02-26,06:30:00,2912.27,2912.33,2907.55,2908.7,4330
2025-02-26,06:45:00,2908.7,2908.85,2906.61,2906.67,3377
2025-02-26,07:00:00,2906.62,2912.85,2905.7,2911.64,6724
2025-02-26,07:15:00,2911.64,2913.0,2909.54,2911.89,4880
2025-02-26,07:30:00,2911.89,2914.49,2909.83,2914.39,8139
2025-02-26,07:45:00,2914.39,2917.39,2913.17,2915.37,7193
2025-02-26,08:00:00,2915.37,2915.91,2912.99,2914.05,5690
2025-02-26,08:15:00,2914.04,2914.32,2909.75,2911.51,6960
2025-02-26,08:30:00,2911.51,2913.06,2909.47,2912.24,6438
2025-02-26,08:45:00,2912.24,2918.36,2912.24,2917.9,7993
2025-02-26,09:00:00,2917.91,2918.91,2915.11,2915.3,8220
2025-02-26,09:15:00,2915.3,2916.32,2914.26,2915.86,4830
2025-02-26,09:30:00,2915.86,2915.98,2913.29,2913.39,4984
2025-02-26,09:45:00,2913.4,2915.01,2912.18,2913.14,4514
2025-02-26,10:00:00,2913.14,2916.8,2913.12,2914.68,6995
2025-02-26,10:15:00,2914.68,2915.28,2913.01,2914.0,4830
2025-02-26,10:30:00,2914.01,2914.57,2912.84,2913.15,4715
2025-02-26,10:45:00,2913.15,2913.71,2910.91,2912.63,4574
2025-02-26,11:00:00,2912.63,2914.08,2912.54,2913.05,3240
2025-02-26,11:15:00,2913.04,2913.33,2911.99,2912.9,3323
2025-02-26,11:30:00,2912.91,2915.27,2912.59,2914.86,3665
2025-02-26,11:45:00,2914.86,2915.31,2912.56,2913.76,3942
2025-02-26,12:00:00,2913.72,2915.4,2913.43,2914.22,4165
2025-02-26,12:15:00,2914.22,2914.47,2909.99,2910.97,5020
2025-02-26,12:30:00,2910.97,2913.91,2910.95,2912.96,4922
2025-02-26,12:45:00,2912.95,2915.16,2912.19,2913.8,6132
2025-02-26,13:00:00,2913.79,2915.01,2910.08,2911.88,10530
2025-02-26,13:15:00,2911.88,2913.34,2910.1,2913.28,9701
2025-02-26,13:30:00,2913.29,2913.42,2909.36,2910.67,9965
2025-02-26,13:45:00,2910.67,2911.61,2905.44,2905.82,7880
2025-02-26,14:00:00,2905.82,2906.12,2892.36,2896.15,19296
2025-02-26,14:15:00,2896.12,2896.75,2892.8,2894.92,13741
2025-02-26,14:30:00,2894.93,2896.71,2890.68,2895.11,21060
2025-02-26,14:45:00,2895.13,2905.32,2895.13,2901.05,16981
2025-02-26,15:00:00,2901.07,2907.45,2898.47,2905.34,16092
2025-02-26,15:15:00,2905.35,2912.0,2905.34,2911.12,16047
2025-02-26,15:30:00,2911.13,2912.07,2906.42,2909.9,11139
2025-02-26,15:45:00,2909.9,2914.24,2908.99,2913.03,8887
2025-02-26,16:00:00,2913.13,2916.61,2910.05,2913.41,12347
2025-02-26,16:15:00,2913.4,2914.18,2909.85,2910.88,8253
2025-02-26,16:30:00,2910.89,2915.15,2910.89,2914.36,7929
2025-02-26,16:45:00,2914.37,2914.64,2910.82,2912.99,8610
2025-02-26,17:00:00,2913.0,2916.02,2912.41,2914.4,5817
2025-02-26,17:15:00,2914.39,2914.98,2910.29,2914.15,7808
2025-02-26,17:30:00,2914.15,2916.21,2912.13,2914.87,9541
2025-02-26,17:45:00,2914.88,2915.35,2913.22,2913.71,6713
2025-02-26,18:00:00,2913.71,2916.05,2912.53,2915.7,6241
2025-02-26,18:15:00,2915.71,2916.16,2914.56,2915.03,5724
2025-02-26,18:30:00,2915.03,2915.66,2913.61,2914.05,6792
2025-02-26,18:45:00,2914.04,2914.94,2912.29,2914.86,6511
2025-02-26,19:00:00,2914.85,2915.26,2913.27,2915.03,4285
2025-02-26,19:15:00,2915.02,2916.36,2914.02,2915.8,3435
2025-02-26,19:30:00,2915.8,2915.9,2915.46,2915.59,2402
2025-02-26,19:45:00,2915.6,2915.71,2913.69,2913.84,4389
2025-02-26,20:00:00,2913.84,2914.73,2912.75,2912.75,4128
2025-02-26,20:15:00,2912.77,2915.95,2911.97,2915.71,4529
2025-02-26,20:30:00,2915.72,2915.9,2914.81,2915.28,5476
2025-02-26,20:45:00,2915.28,2916.66,2914.8,2916.22,6794
2025-02-26,21:00:00,2916.2,2918.57,2916.04,2918.02,2360
2025-02-26,21:15:00,2918.02,2918.63,2916.13,2916.61,3005
2025-02-26,21:30:00,2916.6,2918.3,2916.23,2916.35,1724
2025-02-26,21:45:00,2916.35,2917.76,2915.73,2915.78,1178
2025-02-26,23:00:00,2916.26,2917.3,2915.27,2917.3,864
2025-02-26,23:15:00,2917.28,2917.67,2917.07,2917.52,515
2025-02-26,23:30:00,2917.54,2920.72,2917.11,2919.91,1069
2025-02-26,23:45:00,2919.85,2920.45,2919.1,2919.15,620
2025-02-27,00:00:00,2919.12,2919.12,2917.27,2917.72,998
2025-02-27,00:15:00,2917.72,2918.82,2917.23,2917.75,1403
2025-02-27,00:30:00,2917.74,2918.41,2915.84,2916.23,2758
2025-02-27,00:45:00,2916.23,2917.52,2915.95,2917.05,2474
2025-02-27,01:00:00,2917.04,2917.85,2913.48,2915.56,9793
2025-02-27,01:15:00,2915.58,2915.6,2912.96,2913.64,5194
2025-02-27,01:30:00,2913.64,2918.25,2912.98,2915.8,8998
2025-02-27,01:45:00,2915.81,2916.63,2910.96,2912.57,6471
2025-02-27,02:00:00,2912.59,2914.75,2910.79,2913.39,5868
2025-02-27,02:15:00,2913.39,2914.5,2912.88,2912.97,3823
2025-02-27,02:30:00,2912.97,2913.34,2912.01,2912.85,5339
2025-02-27,02:45:00,2912.85,2912.89,2904.27,2906.68,13026
2025-02-27,03:00:00,2906.7,2908.76,2906.56,2907.22,8387
2025-02-27,03:15:00,2907.22,2909.02,2906.04,2908.03,4280
2025-02-27,03:30:00,2908.03,2908.78,2906.39,2907.43,3280
2025-02-27,03:45:00,2907.43,2907.43,2905.16,2905.67,3932
2025-02-27,04:00:00,2905.68,2906.21,2904.12,2904.98,4991
2025-02-27,04:15:00,2904.97,2906.43,2903.37,2903.68,3182
2025-02-27,04:30:00,2903.68,2903.69,2900.35,2901.44,6406
2025-02-27,04:45:00,2901.45,2901.46,2896.21,2897.27,7311
2025-02-27,05:00:00,2897.27,2898.42,2893.23,2895.83,7414
2025-02-27,05:15:00,2895.82,2896.19,2890.76,2893.8,11502
2025-02-27,05:30:00,2893.8,2893.84,2888.61,2893.27,12397
2025-02-27,05:45:00,2893.26,2894.63,2890.04,2890.87,9294
2025-02-27,06:00:00,2890.87,2895.97,2890.55,2894.29,12092
2025-02-27,06:15:00,2894.31,2896.5,2892.36,2895.2,7519
2025-02-27,06:30:00,2895.2,2898.36,2895.14,2897.35,6946
2025-02-27,06:45:00,2897.34,2897.78,2893.51,2894.14,7363
2025-02-27,07:00:00,2894.14,2895.04,2890.04,2893.96,9882
2025-02-27,07:15:00,2893.96,2896.67,2891.64,2892.02,8404
2025-02-27,07:30:00,2892.02,2892.82,2887.94,2890.23,8244
2025-02-27,07:45:00,2890.24,2894.01,2890.24,2891.9,6747
2025-02-27,08:00:00,2891.9,2892.14,2884.05,2885.23,13115
2025-02-27,08:15:00,2885.23,2889.11,2880.57,2882.19,13485
2025-02-27,08:30:00,2882.16,2885.7,2881.04,2884.05,10385
2025-02-27,08:45:00,2884.05,2885.21,2880.84,2881.32,10612
2025-02-27,09:00:00,2881.3,2888.78,2876.88,2886.91,14534
2025-02-27,09:15:00,2886.92,2893.43,2885.59,2890.83,7655
2025-02-27,09:30:00,2890.84,2892.03,2885.77,2885.97,6772
2025-02-27,09:45:00,2885.97,2888.15,2885.97,2887.31,5692
2025-02-27,10:00:00,2887.28,2889.33,2886.7,2888.14,5631
2025-02-27,10:15:00,2888.15,2892.03,2886.57,2891.14,5516
2025-02-27,10:30:00,2891.12,2893.69,2890.31,2891.63,4777
2025-02-27,10:45:00,2891.61,2894.91,2891.37,2892.13,4452
2025-02-27,11:00:00,2892.13,2894.81,2888.51,2893.77,6143
2025-02-27,11:15:00,2893.76,2894.18,2887.55,2888.63,7894
2025-02-27,11:30:00,2888.63,2888.93,2886.32,2888.87,4991
2025-02-27,11:45:00,2888.88,2888.95,2883.39,2883.93,7085
2025-02-27,12:00:00,2883.93,2885.53,2883.09,2885.26,6728
2025-02-27,12:15:00,2885.28,2887.9,2883.89,2885.1,7492
2025-02-27,12:30:00,2885.11,2888.71,2884.0,2888.58,6421
2025-02-27,12:45:00,2888.56,2888.59,2884.21,2884.97,6768
2025-02-27,13:00:00,2884.96,2888.26,2884.36,2886.41,11464
2025-02-27,13:15:00,2886.41,2892.09,2886.39,2887.93,10942
2025-02-27,13:30:00,2888.19,2890.61,2880.85,2886.27,21187
2025-02-27,13:45:00,2886.27,2891.27,2881.43,2888.9,19222
2025-02-27,14:00:00,2888.89,2891.5,2885.38,2889.54,17634
2025-02-27,14:15:00,2889.55,2892.35,2888.85,2889.26,12249
2025-02-27,14:30:00,2889.27,2890.99,2880.26,2881.77,18435
2025-02-27,14:45:00,2881.77,2882.28,2867.68,2872.14,26398
2025-02-27,15:00:00,2872.15,2882.43,2870.33,2873.98,25406
2025-02-27,15:15:00,2873.99,2879.27,2870.94,2875.66,20816
2025-02-27,15:30:00,2875.67,2877.86,2874.72,2875.7,13908
2025-02-27,15:45:00,2875.7,2877.51,2871.27,2872.23,13257
2025-02-27,16:00:00,2872.23,2877.04,2871.75,2874.96,13182
2025-02-27,16:15:00,2874.97,2877.1,2872.73,2873.82,9950
2025-02-27,16:30:00,2873.9,2876.51,2871.9,2876.2,10251
2025-02-27,16:45:00,2876.19,2878.08,2875.48,2877.4,9064
2025-02-27,17:00:00,2877.41,2878.87,2876.09,2877.09,10125
2025-02-27,17:15:00,2877.09,2881.24,2876.1,2880.87,8973
2025-02-27,17:30:00,2880.87,2881.53,2877.81,2878.93,9001
2025-02-27,17:45:00,2878.94,2883.7,2878.94,2883.12,7331
2025-02-27,18:00:00,2883.14,2886.89,2883.07,2885.98,7407
2025-02-27,18:15:00,2885.98,2886.69,2883.68,2883.74,7425
2025-02-27,18:30:00,2883.77,2886.08,2882.75,2884.95,4134
2025-02-27,18:45:00,2884.99,2887.16,2884.5,2887.14,3542
2025-02-27,19:00:00,2887.14,2887.45,2885.93,2885.98,5073
2025-02-27,19:15:00,2885.98,2886.51,2882.8,2883.13,7784
2025-02-27,19:30:00,2883.12,2883.18,2877.3,2880.19,11786
2025-02-27,19:45:00,2880.2,2880.49,2877.21,2879.12,9142
2025-02-27,20:00:00,2879.11,2879.28,2874.52,2874.73,8618
2025-02-27,20:15:00,2874.73,2876.19,2873.3,2873.82,8672
2025-02-27,20:30:00,2873.8,2877.14,2873.29,2875.76,8357
2025-02-27,20:45:00,2875.73,2876.19,2872.73,2873.87,11396
2025-02-27,21:00:00,2873.88,2876.23,2871.26,2874.94,3749
2025-02-27,21:15:00,2874.91,2876.49,2873.51,2876.05,2216
2025-02-27,21:30:00,2876.05,2877.87,2875.99,2877.06,1608
2025-02-27,21:45:00,2877.08,2878.3,2876.23,2876.85,1238
2025-02-27,23:00:00,2876.14,2877.79,2875.19,2877.6,946
2025-02-27,23:15:00,2877.62,2878.32,2874.83,2875.17,956
2025-02-27,23:30:00,2875.18,2876.34,2874.64,2875.95,733
2025-02-27,23:45:00,2875.98,2876.85,2875.28,2875.92,752
2025-02-28,00:00:00,2875.9,2875.93,2874.91,2875.4,1704
2025-02-28,00:15:00,2875.39,2879.71,2875.26,2879.28,4064
2025-02-28,00:30:00,2879.28,2880.22,2878.0,2878.39,3664
2025-02-28,00:45:00,2878.39,2878.39,2876.89,2876.95,4316
2025-02-28,01:00:00,2876.95,2885.03,2876.86,2878.57,11944
2025-02-28,01:15:00,2878.57,2881.25,2878.03,2880.82,9056
2025-02-28,01:30:00,2880.81,2882.12,2878.4,2879.31,13754
2025-02-28,01:45:00,2879.31,2880.92,2873.81,2874.74,11196
2025-02-28,02:00:00,2874.75,2875.82,2870.35,2874.48,15127
2025-02-28,02:15:00,2874.48,2877.82,2873.37,2875.05,9264
2025-02-28,02:30:00,2875.06,2876.71,2873.81,2875.0,9614
2025-02-28,02:45:00,2875.0,2876.28,2872.62,2873.28,7898
2025-02-28,03:00:00,2873.28,2876.22,2872.83,2873.76,6248
2025-02-28,03:15:00,2873.79,2873.91,2867.91,2868.41,9966
2025-02-28,03:30:00,2868.4,2869.59,2863.59,2863.64,8469
2025-02-28,03:45:00,2863.63,2866.89,2863.63,2865.68,8203
2025-02-28,04:00:00,2865.68,2865.99,2859.23,2863.62,11814
2025-02-28,04:15:00,2863.62,2863.62,2856.92,2859.71,10839
2025-02-28,04:30:00,2859.7,2863.54,2858.43,2862.96,6429
2025-02-28,04:45:00,2862.96,2865.02,2862.75,2863.39,7042
2025-02-28,05:00:00,2863.39,2864.88,2862.35,2863.92,6821
2025-02-28,05:15:00,2863.94,2865.93,2863.21,2863.29,6370
2025-02-28,05:30:00,2863.28,2864.41,2861.78,2864.28,8888
2025-02-28,05:45:00,2864.26,2866.97,2862.93,2864.07,7884
2025-02-28,06:00:00,2864.07,2864.59,2861.89,2863.14,7683
2025-02-28,06:15:00,2863.14,2866.58,2863.1,2865.6,9576
2025-02-28,06:30:00,2865.56,2865.62,2863.3,2864.09,8641
2025-02-28,06:45:00,2864.09,2864.9,2863.27,2863.51,6959
2025-02-28,07:00:00,2863.5,2865.11,2862.57,2862.76,6363
2025-02-28,07:15:00,2862.74,2863.07,2857.23,2859.07,7715
2025-02-28,07:30:00,2859.08,2861.28,2858.63,2859.63,7876
2025-02-28,07:45:00,2859.67,2860.95,2858.18,2858.63,8961
2025-02-28,08:00:00,2858.61,2860.25,2856.75,2857.12,10457
2025-02-28,08:15:00,2857.13,2857.25,2853.63,2855.34,8349
2025-02-28,08:30:00,2855.34,2857.15,2852.11,2852.18,7468
2025-02-28,08:45:00,2852.17,2857.28,2850.97,2855.9,8482
2025-02-28,09:00:00,2855.89,2861.15,2855.7,2860.19,8612
2025-02-28,09:15:00,2860.18,2864.21,2860.17,2862.34,7064
2025-02-28,09:30:00,2862.35,2863.83,2860.34,2861.01,8791
2025-02-28,09:45:00,2861.02,2863.2,2859.57,2862.34,5633
2025-02-28,10:00:00,2862.34,2864.3,2860.9,2862.27,5393
2025-02-28,10:15:00,2862.27,2862.98,2860.88,2861.26,4486
2025-02-28,10:30:00,2861.31,2864.02,2860.63,2863.97,4989
2025-02-28,10:45:00,2863.97,2864.83,2861.98,2862.71,4699
2025-02-28,11:00:00,2862.7,2863.65,2861.41,2862.65,5147
2025-02-28,11:15:00,2862.64,2862.87,2859.04,2861.44,5648
2025-02-28,11:30:00,2861.44,2862.11,2860.4,2861.49,3721
2025-02-28,11:45:00,2861.5,2862.82,2859.83,2862.12,5551
2025-02-28,12:00:00,2862.13,2864.9,2861.16,2862.63,8842
2025-02-28,12:15:00,2862.62,2864.13,2862.28,2862.8,5551
2025-02-28,12:30:00,2862.79,2862.91,2856.25,2856.29,8932
2025-02-28,12:45:00,2856.29,2858.04,2854.29,2856.23,7020
2025-02-28,13:00:00,2856.25,2861.16,2856.24,2861.09,15059
2025-02-28,13:15:00,2861.1,2862.23,2854.02,2856.89,11716
2025-02-28,13:30:00,2856.95,2858.53,2852.44,2855.95,17504
2025-02-28,13:45:00,2855.97,2856.56,2848.25,2848.51,13266
2025-02-28,14:00:00,2848.53,2849.95,2842.13,2846.36,17727
2025-02-28,14:15:00,2846.36,2851.67,2845.7,2846.71,13238
2025-02-28,14:30:00,2846.64,2847.06,2837.62,2838.58,21866
2025-02-28,14:45:00,2838.57,2840.8,2833.34,2833.78,21331
2025-02-28,15:00:00,2833.78,2842.46,2832.59,2839.04,23224
2025-02-28,15:15:00,2839.05,2842.62,2838.27,2842.2,16815
2025-02-28,15:30:00,2842.21,2845.12,2839.18,2841.66,16976
2025-02-28,15:45:00,2841.65,2850.64,2840.15,2850.15,16735
2025-02-28,16:00:00,2850.15,2853.88,2848.8,2851.69,15245
2025-02-28,16:15:00,2851.7,2851.74,2847.64,2848.39,13308
2025-02-28,16:30:00,2848.4,2851.64,2847.67,2847.84,11684
2025-02-28,16:45:00,2847.83,2850.62,2846.23,2848.59,8640
2025-02-28,17:00:00,2848.58,2851.49,2847.39,2848.35,7517
2025-02-28,17:15:00,2848.33,2848.73,2845.94,2846.7,8770
2025-02-28,17:30:00,2846.65,2847.2,2844.74,2845.09,8205
2025-02-28,17:45:00,2845.07,2846.55,2844.47,2844.82,7808
2025-02-28,18:00:00,2844.8,2845.91,2842.1,2843.01,7180
2025-02-28,18:15:00,2843.01,2846.86,2837.99,2839.46,14538
2025-02-28,18:30:00,2839.5,2846.8,2839.49,2846.03,8596
2025-02-28,18:45:00,2846.04,2847.65,2845.01,2845.24,7629
2025-02-28,19:00:00,2845.28,2847.32,2844.8,2847.04,7373
2025-02-28,19:15:00,2847.01,2848.18,2844.07,2845.44,6064
2025-02-28,19:30:00,2845.42,2849.06,2844.95,2847.92,5199
2025-02-28,19:45:00,2847.91,2850.82,2847.53,2849.53,5726
2025-02-28,20:00:00,2849.52,2854.07,2849.12,2853.46,6231
2025-02-28,20:15:00,2853.47,2853.71,2850.12,2850.39,5089
2025-02-28,20:30:00,2850.39,2851.3,2847.71,2849.98,7098
2025-02-28,20:45:00,2850.01,2854.99,2849.31,2854.64,9244
2025-02-28,21:00:00,2854.61,2855.27,2853.23,2854.69,4180
2025-02-28,21:15:00,2854.69,2857.86,2854.65,2856.83,4976
2025-02-28,21:30:00,2856.83,2858.45,2856.58,2857.68,4024
2025-02-28,21:45:00,2857.66,2860.32,2857.07,2857.19,2039
2025-03-02,23:00:00,2856.73,2876.72,2855.28,2872.59,4979
2025-03-02,23:15:00,2872.5,2874.06,2869.91,2871.06,3370
2025-03-02,23:30:00,2871.05,2872.64,2869.76,2871.45,2614
2025-03-02,23:45:00,2871.44,2872.09,2863.85,2870.82,2649
2025-03-03,00:00:00,2870.8,2871.15,2866.09,2870.2,3702
2025-03-03,00:15:00,2870.23,2871.01,2867.71,2869.56,6499
2025-03-03,00:30:00,2869.56,2869.98,2867.34,2868.41,6012
2025-03-03,00:45:00,2868.41,2868.96,2865.16,2865.72,6078
2025-03-03,01:00:00,2865.66,2869.02,2864.07,2867.83,12703
2025-03-03,01:15:00,2867.84,2871.03,2866.05,2870.99,9366
2025-03-03,01:30:00,2870.99,2871.88,2868.68,2868.99,9108
2025-03-03,01:45:00,2868.97,2871.87,2868.43,2870.81,7716
2025-03-03,02:00:00,2870.82,2871.43,2869.8,2870.08,6737
2025-03-03,02:15:00,2870.07,2871.95,2869.57,2870.12,5421
2025-03-03,02:30:00,2870.11,2870.52,2869.1,2870.03,5169
2025-03-03,02:45:00,2870.02,2870.22,2867.69,2868.17,5711
2025-03-03,03:00:00,2868.18,2868.18,2861.81,2862.82,7859
2025-03-03,03:15:00,2862.83,2863.47,2859.2,2861.9,9381
2025-03-03,03:30:00,2861.88,2865.33,2861.59,2864.81,8933
2025-03-03,03:45:00,2864.81,2866.24,2863.76,2864.76,5186
2025-03-03,04:00:00,2864.74,2865.11,2863.03,2864.21,3565
2025-03-03,04:15:00,2864.22,2864.43,2863.38,2864.31,2125
2025-03-03,04:30:00,2864.31,2867.83,2863.81,2867.76,4424
2025-03-03,04:45:00,2867.75,2868.4,2867.27,2867.33,3403
2025-03-03,05:00:00,2867.33,2867.33,2865.71,2866.94,3238
2025-03-03,05:15:00,2866.94,2867.34,2865.43,2865.69,3614
2025-03-03,05:30:00,2865.68,2866.35,2862.13,2862.55,6863
2025-03-03,05:45:00,2862.56,2863.92,2861.3,2863.79,6009
2025-03-03,06:00:00,2863.79,2866.02,2862.81,2865.17,8334
2025-03-03,06:15:00,2865.18,2865.23,2862.67,2863.35,5798
2025-03-03,06:30:00,2863.34,2863.76,2861.71,2862.97,5853
2025-03-03,06:45:00,2862.98,2865.78,2862.84,2865.48,6427
2025-03-03,07:00:00,2865.48,2866.26,2862.52,2863.39,6364
2025-03-03,07:15:00,2863.38,2863.66,2860.61,2861.39,6015
2025-03-03,07:30:00,2861.38,2863.26,2860.88,2861.29,4242
2025-03-03,07:45:00,2861.3,2863.43,2860.04,2863.22,5251
2025-03-03,08:00:00,2863.22,2864.96,2861.75,2864.01,10035
2025-03-03,08:15:00,2864.01,2864.48,2858.82,2860.13,8636
2025-03-03,08:30:00,2860.13,2865.77,2859.09,2864.89,7967
2025-03-03,08:45:00,2864.89,2868.72,2864.88,2868.52,10261
2025-03-03,09:00:00,2868.51,2869.94,2867.06,2869.15,9905
2025-03-03,09:15:00,2869.14,2871.47,2869.05,2869.46,7185
2025-03-03,09:30:00,2869.46,2869.68,2864.21,2864.47,6373
2025-03-03,09:45:00,2864.46,2869.79,2864.32,2867.37,8253
2025-03-03,10:00:00,2867.36,2868.97,2867.15,2868.28,5966
2025-03-03,10:15:00,2868.28,2870.74,2867.91,2869.06,5502
2025-03-03,10:30:00,2869.06,2871.49,2868.47,2871.33,6296
2025-03-03,10:45:00,2871.34,2873.51,2871.02,2871.84,4795
2025-03-03,11:00:00,2871.84,2875.34,2871.19,2874.57,4960
2025-03-03,11:15:00,2874.57,2874.64,2871.65,2873.18,4104
2025-03-03,11:30:00,2873.19,2873.46,2871.85,2872.6,3421
2025-03-03,11:45:00,2872.6,2875.12,2872.45,2874.29,4644
2025-03-03,12:00:00,2874.29,2876.3,2873.92,2874.17,5806
2025-03-03,12:15:00,2874.17,2876.09,2874.14,2876.06,3391
2025-03-03,12:30:00,2876.06,2877.62,2874.43,2876.72,6527
2025-03-03,12:45:00,2876.73,2877.31,2875.37,2875.56,5005
2025-03-03,13:00:00,2875.53,2876.19,2868.79,2874.79,11218
2025-03-03,13:15:00,2874.78,2875.27,2869.31,2870.96,11859
2025-03-03,13:30:00,2870.96,2874.86,2870.12,2872.97,10386
2025-03-03,13:45:00,2873.05,2873.53,2871.23,2872.56,6817
2025-03-03,14:00:00,2872.56,2875.16,2871.2,2873.12,9385
2025-03-03,14:15:00,2873.13,2874.62,2872.39,2873.78,6850
2025-03-03,14:30:00,2873.74,2882.97,2873.46,2877.88,19326
2025-03-03,14:45:00,2877.88,2879.35,2874.66,2876.83,10981
2025-03-03,15:00:00,2876.8,2881.74,2873.53,2880.35,18456
2025-03-03,15:15:00,2880.34,2889.54,2880.05,2889.1,16749
2025-03-03,15:30:00,2889.11,2890.46,2883.97,2887.11,22563
2025-03-03,15:45:00,2887.12,2888.26,2884.57,2887.77,13355
2025-03-03,16:00:00,2887.79,2889.09,2885.99,2887.33,7491
2025-03-03,16:15:00,2887.34,2890.16,2886.58,2888.83,7417
2025-03-03,16:30:00,2888.82,2892.36,2888.25,2892.3,8017
2025-03-03,16:45:00,2892.31,2893.03,2891.11,2891.36,7788
2025-03-03,17:00:00,2891.35,2892.82,2890.6,2892.11,6258
2025-03-03,17:15:00,2892.11,2892.12,2887.27,2889.42,7024
2025-03-03,17:30:00,2889.42,2892.84,2888.0,2892.67,7348
2025-03-03,17:45:00,2892.68,2892.87,2889.81,2890.77,6507
2025-03-03,18:00:00,2890.78,2891.61,2888.99,2889.62,6724
2025-03-03,18:15:00,2889.64,2892.38,2889.5,2890.45,8825
2025-03-03,18:30:00,2890.44,2891.64,2886.6,2887.36,6712
2025-03-03,18:45:00,2887.35,2891.76,2886.89,2889.89,8970
2025-03-03,19:00:00,2889.89,2891.24,2888.46,2888.72,7059
2025-03-03,19:15:00,2888.73,2889.38,2887.36,2888.31,5362
2025-03-03,19:30:00,2888.32,2890.09,2887.03,2887.56,5706
2025-03-03,19:45:00,2887.55,2887.55,2879.66,2881.48,11417
2025-03-03,20:00:00,2881.49,2885.04,2878.3,2883.41,11074
2025-03-03,20:15:00,2883.41,2886.29,2882.26,2883.2,8779
2025-03-03,20:30:00,2883.18,2886.64,2883.18,2885.04,9206
2025-03-03,20:45:00,2885.02,2891.41,2885.02,2890.49,8785
2025-03-03,21:00:00,2890.52,2892.5,2890.11,2891.72,3494
2025-03-03,21:15:00,2891.72,2895.07,2890.8,2894.67,2806
2025-03-03,21:30:00,2894.67,2895.17,2892.73,2893.99,2383
2025-03-03,21:45:00,2893.99,2894.59,2892.04,2892.04,1317
2025-03-03,23:00:00,2891.94,2893.09,2891.37,2892.5,986
2025-03-03,23:15:00,2892.58,2893.29,2891.63,2892.23,704
2025-03-03,23:30:00,2892.25,2892.8,2890.89,2892.12,800
2025-03-03,23:45:00,2892.08,2892.37,2890.51,2890.81,844
2025-03-04,00:00:00,2890.76,2893.22,2890.31,2893.21,1712
2025-03-04,00:15:00,2893.2,2893.73,2889.96,2890.55,2610
2025-03-04,00:30:00,2890.55,2892.43,2890.06,2891.1,2387
2025-03-04,00:45:00,2891.09,2892.4,2890.22,2891.73,3185
2025-03-04,01:00:00,2891.73,2892.99,2882.56,2884.39,6386
2025-03-04,01:15:00,2884.39,2885.38,2881.86,2883.92,7043
2025-03-04,01:30:00,2883.92,2889.08,2883.45,2887.13,10941
2025-03-04,01:45:00,2887.12,2889.2,2886.4,2888.25,9125
2025-03-04,02:00:00,2888.25,2889.3,2885.82,2887.09,7118
2025-03-04,02:15:00,2887.09,2887.34,2885.34,2885.7,6278
2025-03-04,02:30:00,2885.7,2888.16,2884.7,2888.15,5504
2025-03-04,02:45:00,2888.17,2888.89,2884.84,2885.43,4411
2025-03-04,03:00:00,2885.42,2888.49,2884.91,2888.03,4165
2025-03-04,03:15:00,2888.02,2892.74,2887.81,2891.9,7773
2025-03-04,03:30:00,2891.89,2892.89,2889.19,2890.02,3938
2025-03-04,03:45:00,2890.01,2890.67,2888.46,2888.6,2767
2025-03-04,04:00:00,2888.59,2888.59,2886.73,2887.36,4192
2025-03-04,04:15:00,2887.35,2889.55,2887.17,2889.19,3132
2025-03-04,04:30:00,2889.2,2891.84,2888.87,2891.82,3851
2025-03-04,04:45:00,2891.82,2892.66,2891.25,2891.26,5019
2025-03-04,05:00:00,2891.26,2892.9,2890.49,2892.55,8716
2025-03-04,05:15:00,2892.55,2894.37,2892.0,2892.38,4893
2025-03-04,05:30:00,2892.38,2893.27,2890.93,2892.16,4421
2025-03-04,05:45:00,2892.14,2892.14,2888.41,2889.62,3525
2025-03-04,06:00:00,2889.62,2889.87,2887.92,2887.99,3621
2025-03-04,06:15:00,2888.0,2888.83,2886.61,2887.74,5072
2025-03-04,06:30:00,2887.74,2887.94,2884.81,2886.1,5581
2025-03-04,06:45:00,2886.1,2887.86,2884.27,2887.29,5428
2025-03-04,07:00:00,2887.24,2891.92,2886.93,2891.34,8646
2025-03-04,07:15:00,2891.34,2901.06,2891.23,2899.34,6073
2025-03-04,07:30:00,2899.34,2900.51,2896.26,2898.44,6664
2025-03-04,07:45:00,2898.44,2900.27,2896.62,2899.89,5131
2025-03-04,08:00:00,2899.89,2906.38,2896.69,2905.5,13399
2025-03-04,08:15:00,2905.49,2913.92,2905.25,2913.79,9639
2025-03-04,08:30:00,2913.8,2918.66,2912.56,2913.65,12048
2025-03-04,08:45:00,2913.65,2914.09,2910.38,2913.96,7736
2025-03-04,09:00:00,2913.99,2916.39,2912.47,2915.22,5990
2025-03-04,09:15:00,2915.22,2920.54,2914.9,2919.83,6619
2025-03-04,09:30:00,2919.84,2921.26,2916.9,2919.52,6656
2025-03-04,09:45:00,2919.54,2920.77,2917.67,2918.06,6029
2025-03-04,10:00:00,2918.04,2918.1,2912.51,2915.68,7494
2025-03-04,10:15:00,2915.68,2916.82,2914.14,2915.07,5625
2025-03-04,10:30:00,2915.07,2916.14,2912.06,2914.45,5833
2025-03-04,10:45:00,2914.47,2915.08,2913.76,2914.62,4889
2025-03-04,11:00:00,2914.59,2917.65,2912.95,2917.11,5267
2025-03-04,11:15:00,2917.12,2917.66,2916.13,2917.09,4570
2025-03-04,11:30:00,2917.09,2919.8,2916.23,2918.88,5361
2025-03-04,11:45:00,2918.87,2921.69,2917.89,2919.92,7042
2025-03-04,12:00:00,2919.92,2921.19,2919.07,2921.16,5552
2025-03-04,12:15:00,2921.17,2923.7,2918.64,2922.61,6873
2025-03-04,12:30:00,2922.6,2924.31,2919.25,2923.6,8020
2025-03-04,12:45:00,2923.6,2925.43,2922.29,2924.76,5522
2025-03-04,13:00:00,2924.78,2927.78,2923.27,2926.5,14875
2025-03-04,13:15:00,2926.49,2926.96,2921.16,2921.7,13942
2025-03-04,13:30:00,2921.69,2926.16,2920.01,2921.46,13377
2025-03-04,13:45:00,2921.46,2923.6,2919.78,2922.49,12396
2025-03-04,14:00:00,2922.51,2922.97,2917.89,2918.13,12093
2025-03-04,14:15:00,2918.19,2918.6,2914.31,2916.3,15039
2025-03-04,14:30:00,2916.31,2918.97,2907.92,2911.73,19726
2025-03-04,14:45:00,2911.77,2912.22,2903.27,2903.46,21038
2025-03-04,15:00:00,2903.28,2912.22,2900.24,2911.03,19623
2025-03-04,15:15:00,2911.04,2911.39,2901.88,2906.87,16285
2025-03-04,15:30:00,2906.87,2910.46,2905.93,2909.26,15224
2025-03-04,15:45:00,2909.26,2910.1,2903.99,2905.97,17602
2025-03-04,16:00:00,2905.94,2909.37,2903.69,2909.33,12539
2025-03-04,16:15:00,2909.33,2910.01,2906.89,2907.98,10375
2025-03-04,16:30:00,2907.97,2910.85,2907.35,2910.63,9421
2025-03-04,16:45:00,2910.64,2915.89,2909.2,2915.06,11514
2025-03-04,17:00:00,2915.12,2916.33,2914.26,2914.53,8160
2025-03-04,17:15:00,2914.52,2915.34,2913.02,2914.44,7422
2025-03-04,17:30:00,2914.42,2914.66,2912.26,2913.72,7752
2025-03-04,17:45:00,2913.72,2915.43,2911.02,2911.54,6613
2025-03-04,18:00:00,2911.55,2914.22,2910.93,2913.89,7930
2025-03-04,18:15:00,2913.89,2915.14,2909.22,2909.89,7256
2025-03-04,18:30:00,2909.88,2910.08,2908.2,2908.75,6591
2025-03-04,18:45:00,2908.73,2911.23,2908.24,2911.14,5101
2025-03-04,19:00:00,2911.14,2915.04,2911.08,2912.25,6997
2025-03-04,19:15:00,2912.25,2914.25,2911.74,2912.49,5041
2025-03-04,19:30:00,2912.49,2914.41,2912.49,2914.2,4962
2025-03-04,19:45:00,2914.21,2916.44,2914.16,2916.06,4176
2025-03-04,20:00:00,2916.07,2918.63,2915.46,2918.5,5608
2025-03-04,20:15:00,2918.51,2920.48,2917.77,2918.53,6373
2025-03-04,20:30:00,2918.54,2918.58,2914.29,2916.2,8774
2025-03-04,20:45:00,2916.24,2917.75,2914.46,2917.14,7681
2025-03-04,21:00:00,2917.17,2918.39,2915.27,2915.31,4118
2025-03-04,21:15:00,2915.31,2915.64,2913.19,2915.09,6528
2025-03-04,21:30:00,2915.08,2916.16,2913.94,2916.14,5972
2025-03-04,21:45:00,2916.12,2918.32,2915.48,2917.46,3309
2025-03-04,23:00:00,2917.46,2918.16,2916.22,2916.75,1020
2025-03-04,23:15:00,2916.73,2916.91,2915.4,2916.26,513
2025-03-04,23:30:00,2916.26,2916.26,2914.37,2914.93,572
2025-03-04,23:45:00,2915.01,2915.43,2914.17,2914.24,570
2025-03-05,00:00:00,2914.24,2914.98,2912.16,2914.15,3097
2025-03-05,00:15:00,2914.16,2916.78,2913.87,2916.53,3353
2025-03-05,00:30:00,2916.54,2916.91,2914.28,2914.48,3504
2025-03-05,00:45:00,2914.48,2915.02,2913.6,2914.01,1856
2025-03-05,01:00:00,2914.07,2914.99,2904.31,2908.12,12043
2025-03-05,01:15:00,2908.13,2910.63,2903.41,2910.57,11381
2025-03-05,01:30:00,2910.59,2911.33,2908.38,2910.55,10867
2025-03-05,01:45:00,2910.54,2910.65,2906.41,2906.96,6181
2025-03-05,02:00:00,2906.96,2911.25,2905.5,2911.14,10437
2025-03-05,02:15:00,2911.15,2914.52,2907.0,2907.07,7847
2025-03-05,02:30:00,2907.04,2908.89,2902.04,2907.57,14446
2025-03-05,02:45:00,2907.57,2908.35,2902.01,2904.24,7188
2025-03-05,03:00:00,2904.24,2908.82,2903.25,2908.71,10522
2025-03-05,03:15:00,2908.71,2910.67,2907.85,2910.49,5375
2025-03-05,03:30:00,2910.49,2911.27,2907.97,2910.74,4603
2025-03-05,03:45:00,2910.74,2913.4,2908.62,2908.69,8408
2025-03-05,04:00:00,2908.69,2911.81,2908.47,2911.22,6497
2025-03-05,04:15:00,2911.23,2912.47,2910.28,2911.97,1852
2025-03-05,04:30:00,2911.95,2912.58,2911.03,2912.13,3593
2025-03-05,04:45:00,2912.14,2912.32,2909.66,2910.43,4311
2025-03-05,05:00:00,2910.45,2911.69,2909.92,2911.48,4166
2025-03-05,05:15:00,2911.48,2912.84,2910.25,2911.9,4042
2025-03-05,05:30:00,2911.91,2913.27,2911.09,2913.12,6767
2025-03-05,05:45:00,2913.1,2918.73,2912.78,2918.64,5083
2025-03-05,06:00:00,2918.64,2919.58,2917.35,2919.4,3539
2025-03-05,06:15:00,2919.39,2921.58,2916.68,2918.46,7928
2025-03-05,06:30:00,2918.43,2919.55,2913.46,2917.56,8846
2025-03-05,06:45:00,2917.55,2917.89,2915.43,2916.91,4198
2025-03-05,07:00:00,2916.92,2919.79,2916.92,2917.56,6904
2025-03-05,07:15:00,2917.55,2918.1,2914.92,2915.75,8356
2025-03-05,07:30:00,2915.76,2917.57,2914.48,2915.77,8256
2025-03-05,07:45:00,2915.77,2917.94,2913.0,2917.91,9344
2025-03-05,08:00:00,2917.8,2921.54,2916.68,2921.17,12433
2025-03-05,08:15:00,2921.17,2921.84,2918.88,2919.79,11327
2025-03-05,08:30:00,2919.79,2920.59,2917.18,2919.3,8351
2025-03-05,08:45:00,2919.29,2920.8,2918.48,2919.88,6691
2025-03-05,09:00:00,2919.88,2922.46,2917.97,2919.13,9363
2025-03-05,09:15:00,2919.13,2919.64,2915.02,2916.33,8896
2025-03-05,09:30:00,2916.33,2918.15,2913.21,2917.91,8795
2025-03-05,09:45:00,2917.91,2919.39,2916.63,2918.8,8679
2025-03-05,10:00:00,2918.78,2919.11,2916.61,2916.87,8495
2025-03-05,10:15:00,2916.87,2917.7,2914.04,2917.29,7076
2025-03-05,10:30:00,2917.3,2918.27,2914.7,2915.28,7198
2025-03-05,10:45:00,2915.27,2915.54,2908.96,2913.28,9081
2025-03-05,11:00:00,2913.28,2915.33,2912.9,2914.2,8137
2025-03-05,11:15:00,2914.21,2914.92,2913.23,2913.51,4991
2025-03-05,11:30:00,2913.51,2916.55,2912.55,2915.24,5841
2025-03-05,11:45:00,2915.25,2917.16,2911.97,2913.12,8479
2025-03-05,12:00:00,2913.13,2917.85,2912.25,2917.82,8865
2025-03-05,12:15:00,2917.81,2919.15,2915.98,2918.4,8538
2025-03-05,12:30:00,2918.41,2918.71,2914.16,2915.63,8318
2025-03-05,12:45:00,2915.61,2917.18,2914.08,2916.07,7664
2025-03-05,13:00:00,2916.13,2916.35,2912.01,2913.27,11957
2025-03-05,13:15:00,2913.19,2916.15,2911.27,2913.04,13238
2025-03-05,13:30:00,2913.04,2913.85,2898.26,2899.79,16290
2025-03-05,13:45:00,2899.8,2903.97,2894.13,2899.88,20811
2025-03-05,14:00:00,2899.87,2906.56,2899.26,2902.19,18716
2025-03-05,14:15:00,2902.17,2905.42,2897.61,2904.98,14925
2025-03-05,14:30:00,2904.98,2917.1,2904.94,2914.41,22367
2025-03-05,14:45:00,2914.42,2916.67,2909.99,2911.73,22301
2025-03-05,15:00:00,2911.71,2921.65,2907.63,2916.85,26672
2025-03-05,15:15:00,2916.85,2919.79,2915.47,2918.19,19023
2025-03-05,15:30:00,2918.18,2923.69,2917.48,2919.72,20602
2025-03-05,15:45:00,2919.74,2920.95,2915.92,2917.13,17061
2025-03-05,16:00:00,2917.11,2924.58,2915.16,2923.16,13584
2025-03-05,16:15:00,2923.16,2929.54,2922.75,2928.47,15490
2025-03-05,16:30:00,2928.48,2929.89,2925.8,2928.1,12692
2025-03-05,16:45:00,2928.1,2928.99,2922.69,2923.74,12528
2025-03-05,17:00:00,2923.75,2925.23,2919.22,2921.28,13348
2025-03-05,17:15:00,2921.28,2921.69,2917.27,2918.21,10499
2025-03-05,17:30:00,2918.23,2918.34,2916.06,2916.79,9192
2025-03-05,17:45:00,2916.8,2917.81,2913.65,2915.89,8301
2025-03-05,18:00:00,2915.91,2918.86,2911.2,2916.96,12149
2025-03-05,18:15:00,2916.99,2920.64,2916.2,2916.44,10187
2025-03-05,18:30:00,2916.45,2917.49,2913.45,2914.97,9115
2025-03-05,18:45:00,2914.98,2918.28,2914.97,2917.38,8133
2025-03-05,19:00:00,2917.4,2918.36,2916.25,2917.24,8047
2025-03-05,19:15:00,2917.23,2918.93,2916.8,2918.43,8230
2025-03-05,19:30:00,2918.47,2919.34,2917.72,2918.39,5848
2025-03-05,19:45:00,2918.39,2921.32,2918.33,2920.49,4293
2025-03-05,20:00:00,2920.49,2921.24,2919.84,2921.1,5770
2025-03-05,20:15:00,2921.11,2922.49,2919.56,2922.08,6362
2025-03-05,20:30:00,2922.07,2922.69,2921.29,2922.53,8231
2025-03-05,20:45:00,2922.53,2922.99,2921.86,2922.11,8966
2025-03-05,21:00:00,2922.12,2922.31,2919.01,2919.26,2154
2025-03-05,21:15:00,2919.26,2919.88,2917.97,2919.62,1675
2025-03-05,21:30:00,2919.65,2919.67,2918.08,2918.1,1154
2025-03-05,21:45:00,2918.13,2919.37,2917.59,2918.42,967
2025-03-05,23:00:00,2919.07,2919.49,2917.31,2917.48,931
2025-03-05,23:15:00,2917.48,2917.84,2916.58,2917.38,543
2025-03-05,23:30:00,2917.32,2918.61,2916.85,2918.47,544
2025-03-05,23:45:00,2918.47,2918.47,2917.42,2918.22,393
2025-03-06,00:00:00,2918.26,2919.33,2917.45,2919.21,956
2025-03-06,00:15:00,2919.3,2920.24,2917.43,2918.74,3305
2025-03-06,00:30:00,2918.74,2918.84,2917.8,2917.9,1001
2025-03-06,00:45:00,2917.89,2917.94,2916.51,2916.67,2444
2025-03-06,01:00:00,2916.68,2919.32,2915.89,2918.59,9317
2025-03-06,01:15:00,2918.6,2919.09,2918.14,2918.85,5753
2025-03-06,01:30:00,2918.85,2922.89,2918.83,2922.52,5536
2025-03-06,01:45:00,2922.52,2925.58,2922.07,2924.58,6685
2025-03-06,02:00:00,2924.58,2926.49,2924.15,2924.59,6707
2025-03-06,02:15:00,2924.58,2924.72,2923.13,2923.36,4154
2025-03-06,02:30:00,2923.35,2923.71,2922.89,2923.35,4264
2025-03-06,02:45:00,2923.35,2925.54,2923.06,2925.54,4259
2025-03-06,03:00:00,2925.53,2925.54,2922.09,2923.32,4686
2025-03-06,03:15:00,2923.32,2924.56,2922.16,2922.99,3301
2025-03-06,03:30:00,2923.0,2923.53,2920.24,2920.73,2804
2025-03-06,03:45:00,2920.72,2921.38,2920.14,2921.18,2999
2025-03-06,04:00:00,2921.17,2921.49,2918.0,2919.14,3349
2025-03-06,04:15:00,2919.15,2919.15,2916.77,2917.17,3046
2025-03-06,04:30:00,2917.17,2917.84,2916.31,2916.52,2401
2025-03-06,04:45:00,2916.52,2917.99,2916.35,2917.34,1761
2025-03-06,05:00:00,2917.32,2917.35,2915.36,2915.81,3599
2025-03-06,05:15:00,2915.81,2916.47,2914.51,2916.04,2793
2025-03-06,05:30:00,2916.07,2919.53,2915.9,2918.83,3891
2025-03-06,05:45:00,2918.82,2920.62,2915.34,2919.75,5871
2025-03-06,06:00:00,2919.75,2922.71,2919.75,2922.16,3868
2025-03-06,06:15:00,2922.16,2922.28,2920.47,2921.37,4177
2025-03-06,06:30:00,2921.35,2921.72,2919.84,2921.57,4657
2025-03-06,06:45:00,2921.6,2922.99,2919.95,2920.53,5467
2025-03-06,07:00:00,2920.54,2922.5,2919.31,2921.57,8707
2025-03-06,07:15:00,2921.57,2921.57,2915.5,2916.13,9851
2025-03-06,07:30:00,2916.14,2917.11,2911.43,2915.14,8967
2025-03-06,07:45:00,2915.14,2916.33,2909.74,2910.04,8656
2025-03-06,08:00:00,2910.03,2911.38,2904.6,2907.3,13309
2025-03-06,08:15:00,2907.29,2908.74,2905.14,2907.95,8418
2025-03-06,08:30:00,2907.96,2908.05,2903.17,2904.44,9802
2025-03-06,08:45:00,2904.42,2905.32,2901.03,2904.71,13397
2025-03-06,09:00:00,2904.7,2905.26,2899.48,2904.44,11964
2025-03-06,09:15:00,2904.44,2904.75,2899.27,2899.95,8630
2025-03-06,09:30:00,2899.95,2900.73,2895.55,2898.81,12340
2025-03-06,09:45:00,2898.86,2899.09,2891.22,2894.18,10067
2025-03-06,10:00:00,2894.19,2896.65,2891.93,2894.42,9635
2025-03-06,10:15:00,2894.43,2899.44,2894.32,2899.37,10896
2025-03-06,10:30:00,2899.36,2905.12,2899.01,2902.16,9399
2025-03-06,10:45:00,2902.15,2905.01,2898.8,2899.18,12867
2025-03-06,11:00:00,2899.18,2904.42,2898.55,2899.74,10403
2025-03-06,11:15:00,2899.73,2904.96,2899.17,2903.55,6153
2025-03-06,11:30:00,2903.58,2907.58,2902.84,2906.42,8724
2025-03-06,11:45:00,2906.42,2906.44,2903.67,2905.75,8110
2025-03-06,12:00:00,2905.74,2905.9,2903.32,2903.67,8010
2025-03-06,12:15:00,2903.66,2907.11,2902.85,2903.71,8845
2025-03-06,12:30:00,2903.68,2904.3,2899.19,2901.45,11391
2025-03-06,12:45:00,2901.54,2903.98,2899.41,2903.11,10499
2025-03-06,13:00:00,2903.1,2907.28,2900.93,2907.12,11455
2025-03-06,13:15:00,2907.15,2909.31,2901.08,2904.67,15743
2025-03-06,13:30:00,2904.67,2907.7,2900.72,2903.95,13621
2025-03-06,13:45:00,2903.93,2905.68,2901.88,2904.35,12628
2025-03-06,14:00:00,2904.34,2911.28,2903.31,2908.93,10591
2025-03-06,14:15:00,2908.91,2911.33,2906.3,2908.78,8048
2025-03-06,14:30:00,2908.8,2914.12,2908.61,2912.56,16687
2025-03-06,14:45:00,2912.57,2916.55,2910.65,2915.07,18687
2025-03-06,15:00:00,2915.06,2922.66,2914.93,2916.71,20549
2025-03-06,15:15:00,2916.7,2918.06,2909.21,2913.33,18525
2025-03-06,15:30:00,2913.34,2913.73,2909.0,2913.55,20700
2025-03-06,15:45:00,2913.56,2916.17,2912.53,2914.43,12955
2025-03-06,16:00:00,2914.43,2916.41,2912.5,2914.19,10937
2025-03-06,16:15:00,2914.18,2918.27,2913.82,2917.08,10338
2025-03-06,16:30:00,2917.04,2918.13,2915.05,2917.77,11634
2025-03-06,16:45:00,2917.77,2918.4,2916.07,2917.1,7428
2025-03-06,17:00:00,2917.11,2920.04,2915.5,2919.73,9310
2025-03-06,17:15:00,2919.74,2920.38,2916.56,2920.17,7486
2025-03-06,17:30:00,2920.16,2921.33,2918.14,2918.94,8098
2025-03-06,17:45:00,2918.94,2919.26,2914.31,2915.46,8990
2025-03-06,18:00:00,2915.47,2919.95,2915.24,2919.76,8378
2025-03-06,18:15:00,2919.75,2920.52,2918.14,2918.42,7242
2025-03-06,18:30:00,2918.43,2919.71,2913.92,2913.95,6285
2025-03-06,18:45:00,2913.95,2916.58,2913.75,2916.18,8181
2025-03-06,19:00:00,2916.2,2917.26,2914.52,2917.04,6717
2025-03-06,19:15:00,2917.03,2917.37,2912.28,2913.48,6710
2025-03-06,19:30:00,2913.47,2914.93,2912.56,2914.04,5275
2025-03-06,19:45:00,2914.03,2917.66,2913.24,2913.93,7462
2025-03-06,20:00:00,2913.95,2916.47,2913.0,2915.41,6985
2025-03-06,20:15:00,2915.42,2916.5,2913.98,2914.67,5767
2025-03-06,20:30:00,2914.66,2914.77,2912.88,2913.15,5864
2025-03-06,20:45:00,2913.16,2913.64,2908.32,2908.74,10018
2025-03-06,21:00:00,2908.73,2911.46,2908.68,2910.75,1916
2025-03-06,21:15:00,2910.75,2910.98,2908.37,2909.85,1539
2025-03-06,21:30:00,2909.83,2911.13,2909.19,2910.35,1320
2025-03-06,21:45:00,2910.3,2911.72,2910.15,2910.9,987
2025-03-06,23:00:00,2911.33,2913.21,2910.21,2910.9,974
2025-03-06,23:15:00,2910.98,2913.31,2910.69,2912.5,1067
2025-03-06,23:30:00,2912.49,2913.52,2911.36,2911.37,976
2025-03-06,23:45:00,2911.34,2911.47,2909.86,2910.26,1673
2025-03-07,00:00:00,2910.22,2910.24,2896.18,2899.68,8135
2025-03-07,00:15:00,2899.62,2905.33,2898.09,2902.37,5565
2025-03-07,00:30:00,2902.4,2906.07,2902.39,2905.06,3808
2025-03-07,00:45:00,2904.94,2906.15,2901.99,2904.71,3965
2025-03-07,01:00:00,2904.73,2906.37,2902.23,2903.37,13572
2025-03-07,01:15:00,2903.37,2904.22,2901.48,2902.9,7155
2025-03-07,01:30:00,2902.89,2909.95,2901.46,2909.95,8396
2025-03-07,01:45:00,2909.96,2910.13,2905.67,2906.72,7343
2025-03-07,02:00:00,2906.72,2907.52,2901.13,2903.7,9944
2025-03-07,02:15:00,2903.7,2906.67,2903.08,2906.25,10934
2025-03-07,02:30:00,2906.24,2907.9,2904.17,2907.3,8115
2025-03-07,02:45:00,2907.29,2909.17,2907.14,2908.07,6066
2025-03-07,03:00:00,2908.06,2908.93,2904.73,2905.05,7376
2025-03-07,03:15:00,2905.06,2906.41,2904.1,2905.9,8184
2025-03-07,03:30:00,2905.91,2906.6,2904.49,2904.87,3981
2025-03-07,03:45:00,2904.88,2905.94,2903.87,2905.27,3786
2025-03-07,04:00:00,2905.26,2907.69,2904.68,2906.97,6604
2025-03-07,04:15:00,2906.95,2906.96,2905.14,2906.49,3538
2025-03-07,04:30:00,2906.5,2907.17,2905.66,2907.14,4150
2025-03-07,04:45:00,2907.14,2908.25,2906.27,2906.56,3077
2025-03-07,05:00:00,2906.57,2909.67,2906.36,2908.56,4068
2025-03-07,05:15:00,2908.56,2911.71,2908.52,2911.29,6300
2025-03-07,05:30:00,2911.3,2912.5,2909.91,2910.6,7901
2025-03-07,05:45:00,2910.6,2911.61,2908.88,2909.46,6483
2025-03-07,06:00:00,2909.46,2910.22,2907.7,2909.77,6450
2025-03-07,06:15:00,2909.78,2911.89,2909.36,2911.53,5036
2025-03-07,06:30:00,2911.54,2914.77,2911.51,2913.61,5667
2025-03-07,06:45:00,2913.61,2913.67,2910.79,2913.42,5377
2025-03-07,07:00:00,2913.41,2914.66,2911.66,2913.74,7728
2025-03-07,07:15:00,2913.75,2914.51,2911.97,2911.97,3896
2025-03-07,07:30:00,2911.96,2915.27,2911.6,2915.02,4511
2025-03-07,07:45:00,2915.03,2917.19,2914.72,2917.05,6625
2025-03-07,08:00:00,2917.04,2919.34,2915.13,2916.61,10778
2025-03-07,08:15:00,2916.6,2920.42,2916.53,2919.97,7960
2025-03-07,08:30:00,2919.97,2921.05,2919.17,2920.84,5832
2025-03-07,08:45:00,2920.84,2922.9,2920.66,2922.36,5630
2025-03-07,09:00:00,2922.36,2922.93,2921.21,2922.23,7730
2025-03-07,09:15:00,2922.26,2922.66,2921.05,2922.3,6091
2025-03-07,09:30:00,2922.29,2922.57,2921.1,2921.97,5456
2025-03-07,09:45:00,2921.97,2922.83,2920.14,2921.57,6832
2025-03-07,10:00:00,2921.55,2921.77,2918.9,2920.49,6652
2025-03-07,10:15:00,2920.49,2920.5,2917.15,2919.08,8096
2025-03-07,10:30:00,2919.09,2921.24,2917.75,2919.8,8906
2025-03-07,10:45:00,2919.8,2919.81,2917.0,2917.89,6681
2025-03-07,11:00:00,2917.9,2921.58,2917.07,2921.51,7443
2025-03-07,11:15:00,2921.53,2922.01,2919.18,2920.13,6216
2025-03-07,11:30:00,2920.13,2921.22,2918.56,2919.43,7293
2025-03-07,11:45:00,2919.43,2919.47,2916.66,2918.71,7877
2025-03-07,12:00:00,2918.72,2919.59,2917.98,2919.56,6891
2025-03-07,12:15:00,2919.57,2922.56,2918.07,2921.37,7890
2025-03-07,12:30:00,2921.38,2922.73,2920.92,2921.67,7402
2025-03-07,12:45:00,2921.65,2921.97,2918.66,2918.67,10107
2025-03-07,13:00:00,2918.66,2920.42,2916.72,2917.88,16273
2025-03-07,13:15:00,2917.91,2917.97,2910.23,2911.54,14511
2025-03-07,13:30:00,2911.82,2926.37,2911.3,2922.83,31039
2025-03-07,13:45:00,2922.84,2922.84,2912.84,2913.73,17234
2025-03-07,14:00:00,2913.73,2915.02,2903.38,2913.46,21435
2025-03-07,14:15:00,2913.46,2918.74,2912.17,2916.86,17318
2025-03-07,14:30:00,2916.86,2922.1,2916.65,2919.7,20225
2025-03-07,14:45:00,2919.7,2928.68,2917.99,2926.72,18291
2025-03-07,15:00:00,2926.69,2930.31,2926.01,2927.28,19737
2025-03-07,15:15:00,2927.16,2928.73,2922.49,2924.9,12978
2025-03-07,15:30:00,2924.88,2926.19,2912.47,2914.36,18060
2025-03-07,15:45:00,2914.36,2917.71,2908.49,2915.71,20342
2025-03-07,16:00:00,2915.7,2917.48,2911.6,2915.96,16559
2025-03-07,16:15:00,2915.97,2919.38,2915.97,2916.79,10629
2025-03-07,16:30:00,2916.8,2917.35,2913.03,2913.73,13131
2025-03-07,16:45:00,2913.88,2919.13,2912.31,2913.94,10345
2025-03-07,17:00:00,2913.95,2916.11,2907.86,2910.94,12366
2025-03-07,17:15:00,2910.95,2911.09,2905.03,2908.71,11690
2025-03-07,17:30:00,2908.71,2910.18,2905.95,2907.41,10684
2025-03-07,17:45:00,2907.4,2909.33,2905.91,2908.15,11976
2025-03-07,18:00:00,2908.15,2908.7,2905.44,2906.04,11021
2025-03-07,18:15:00,2906.06,2906.47,2901.94,2906.08,13135
2025-03-07,18:30:00,2906.08,2908.04,2904.72,2906.0,9887
2025-03-07,18:45:00,2906.0,2908.03,2905.51,2906.43,8084
2025-03-07,19:00:00,2906.44,2907.04,2904.6,2905.63,8678
2025-03-07,19:15:00,2905.64,2909.45,2905.34,2906.03,7519
2025-03-07,19:30:00,2906.03,2908.43,2905.65,2906.72,6190
2025-03-07,19:45:00,2906.72,2907.8,2904.47,2905.14,10468
2025-03-07,20:00:00,2905.13,2908.06,2904.69,2906.81,7516
2025-03-07,20:15:00,2906.83,2908.5,2906.24,2907.3,6003
2025-03-07,20:30:00,2907.31,2911.12,2907.17,2909.59,5641
2025-03-07,20:45:00,2909.59,2910.25,2907.31,2909.57,8811
2025-03-07,21:00:00,2909.58,2910.91,2908.4,2910.45,1742
2025-03-07,21:15:00,2910.45,2911.71,2909.85,2911.16,1582
2025-03-07,21:30:00,2911.14,2911.51,2910.72,2911.05,1036
2025-03-07,21:45:00,2911.05,2912.27,2908.17,2909.15,1526
2025-03-09,22:00:00,2911.49,2915.09,2909.71,2913.5,1453
2025-03-09,22:15:00,2913.5,2913.52,2909.55,2911.97,2038
2025-03-09,22:30:00,2911.99,2913.95,2911.65,2911.85,1042
2025-03-09,22:45:00,2911.84,2912.66,2911.25,2911.91,461
2025-03-09,23:00:00,2911.89,2914.58,2911.32,2914.48,2615
2025-03-09,23:15:00,2914.48,2916.39,2914.4,2915.36,3397
2025-03-09,23:30:00,2915.35,2916.11,2914.32,2915.88,2254
2025-03-09,23:45:00,2915.89,2916.88,2915.56,2916.18,1720
2025-03-10,00:00:00,2916.18,2917.91,2914.8,2916.16,5072
2025-03-10,00:15:00,2916.17,2916.91,2913.71,2914.73,2392
2025-03-10,00:30:00,2914.74,2915.96,2913.69,2914.75,6670
2025-03-10,00:45:00,2914.75,2915.32,2912.96,2913.77,5501
2025-03-10,01:00:00,2913.77,2918.19,2913.68,2917.17,11290
2025-03-10,01:15:00,2917.17,2917.96,2913.88,2914.1,5434
2025-03-10,01:30:00,2914.07,2916.32,2912.57,2915.36,6152
2025-03-10,01:45:00,2915.35,2915.37,2911.24,2912.03,7029
2025-03-10,02:00:00,2912.06,2914.09,2909.81,2910.59,7085
2025-03-10,02:15:00,2910.6,2911.53,2909.46,2910.53,3036
2025-03-10,02:30:00,2910.54,2914.48,2910.46,2911.98,3683
2025-03-10,02:45:00,2911.98,2912.66,2910.76,2911.47,5464
2025-03-10,03:00:00,2911.47,2913.1,2910.99,2912.31,5717
2025-03-10,03:15:00,2912.3,2913.59,2911.84,2911.98,5382
2025-03-10,03:30:00,2911.97,2912.15,2908.14,2910.21,5176
2025-03-10,03:45:00,2910.21,2912.75,2909.62,2910.88,4839
2025-03-10,04:00:00,2910.87,2912.25,2910.47,2910.86,3836
2025-03-10,04:15:00,2910.86,2911.93,2910.54,2911.54,1664
2025-03-10,04:30:00,2911.53,2912.33,2911.09,2911.89,3408
2025-03-10,04:45:00,2911.88,2912.59,2910.19,2910.92,3082
2025-03-10,05:00:00,2910.92,2911.71,2909.04,2911.42,3079
2025-03-10,05:15:00,2911.42,2911.9,2906.9,2907.45,4263
2025-03-10,05:30:00,2907.45,2909.86,2906.97,2909.39,5820
2025-03-10,05:45:00,2909.39,2909.97,2907.95,2909.85,4234
2025-03-10,06:00:00,2909.86,2913.19,2909.81,2910.68,4931
2025-03-10,06:15:00,2910.69,2912.57,2909.25,2912.05,6346
2025-03-10,06:30:00,2912.06,2913.9,2910.96,2912.78,3867
2025-03-10,06:45:00,2912.8,2914.57,2912.15,2914.33,5082
2025-03-10,07:00:00,2914.34,2915.08,2912.72,2912.97,7086
2025-03-10,07:15:00,2912.97,2915.01,2911.93,2914.99,5901
2025-03-10,07:30:00,2914.98,2915.36,2912.69,2913.31,5934
2025-03-10,07:45:00,2913.3,2913.89,2904.26,2908.35,10189
2025-03-10,08:00:00,2908.35,2910.59,2905.88,2906.81,9841
2025-03-10,08:15:00,2906.82,2907.01,2902.08,2903.58,9014
2025-03-10,08:30:00,2903.57,2904.57,2900.14,2900.36,9891
2025-03-10,08:45:00,2900.37,2900.38,2897.51,2897.74,11533
2025-03-10,09:00:00,2897.72,2909.08,2896.56,2908.46,10429
2025-03-10,09:15:00,2908.46,2913.26,2907.42,2912.59,13744
2025-03-10,09:30:00,2912.58,2915.29,2912.15,2913.08,9881
2025-03-10,09:45:00,2913.09,2915.32,2911.01,2911.15,8621
2025-03-10,10:00:00,2911.14,2911.25,2906.57,2909.21,8400
2025-03-10,10:15:00,2909.21,2909.95,2902.48,2902.95,9706
2025-03-10,10:30:00,2902.95,2903.32,2898.28,2900.17,12262
2025-03-10,10:45:00,2900.16,2904.42,2899.71,2902.98,8368
2025-03-10,11:00:00,2902.97,2903.12,2899.39,2901.23,9835
2025-03-10,11:15:00,2901.23,2902.51,2897.7,2900.31,9836
2025-03-10,11:30:00,2900.41,2900.51,2895.6,2897.32,11136
2025-03-10,11:45:00,2897.31,2904.64,2896.63,2904.0,14381
2025-03-10,12:00:00,2904.0,2906.82,2903.15,2904.14,13767
2025-03-10,12:15:00,2904.15,2906.69,2900.32,2906.45,13907
2025-03-10,12:30:00,2906.45,2907.49,2904.47,2906.55,11045
2025-03-10,12:45:00,2906.54,2907.61,2903.19,2906.58,10091
2025-03-10,13:00:00,2906.56,2908.54,2905.3,2906.59,10240
2025-03-10,13:15:00,2906.58,2907.42,2901.13,2901.51,11968
2025-03-10,13:30:00,2901.41,2902.9,2898.73,2902.02,16548
2025-03-10,13:45:00,2902.02,2904.4,2897.59,2903.65,17956
2025-03-10,14:00:00,2903.64,2908.74,2900.87,2907.93,18443
2025-03-10,14:15:00,2907.94,2909.11,2903.69,2903.79,17737
2025-03-10,14:30:00,2903.78,2907.43,2901.73,2906.83,15318
2025-03-10,14:45:00,2906.84,2908.92,2904.12,2907.95,14813
2025-03-10,15:00:00,2907.97,2910.46,2902.5,2903.12,16571
2025-03-10,15:15:00,2903.15,2908.32,2900.53,2908.04,13836
2025-03-10,15:30:00,2908.04,2908.32,2904.46,2905.14,10975
2025-03-10,15:45:00,2905.14,2906.68,2903.26,2904.44,11398
2025-03-10,16:00:00,2904.44,2906.79,2903.19,2905.42,10873
2025-03-10,16:15:00,2905.42,2905.9,2902.22,2903.13,9219
2025-03-10,16:30:00,2903.11,2903.55,2900.42,2900.88,9514
2025-03-10,16:45:00,2900.89,2901.02,2895.81,2895.88,10953
2025-03-10,17:00:00,2895.88,2896.07,2890.63,2894.03,14490
2025-03-10,17:15:00,2894.03,2895.76,2890.79,2894.88,11704
2025-03-10,17:30:00,2894.89,2895.27,2882.85,2886.21,12946
2025-03-10,17:45:00,2886.22,2887.01,2882.73,2885.98,11913
2025-03-10,18:00:00,2886.0,2886.05,2880.2,2884.02,11812
2025-03-10,18:15:00,2884.02,2884.4,2881.94,2883.37,8775
2025-03-10,18:30:00,2883.37,2887.77,2882.96,2886.54,7770
2025-03-10,18:45:00,2886.58,2889.46,2884.79,2885.48,7231
2025-03-10,19:00:00,2885.47,2885.59,2880.2,2884.57,9849
2025-03-10,19:15:00,2884.54,2890.92,2883.31,2888.13,9691
2025-03-10,19:30:00,2888.14,2890.81,2884.9,2887.07,9587
2025-03-10,19:45:00,2887.11,2888.41,2884.08,2885.39,10724
2025-03-10,20:00:00,2885.38,2888.26,2884.17,2887.2,2786
2025-03-10,20:15:00,2887.19,2887.95,2885.54,2886.6,1816
2025-03-10,20:30:00,2886.6,2888.79,2885.35,2888.26,1711
2025-03-10,20:45:00,2888.27,2889.45,2887.48,2888.32,1152
2025-03-10,22:00:00,2888.52,2890.1,2886.93,2887.65,686
2025-03-10,22:15:00,2887.68,2887.99,2884.94,2885.0,848
2025-03-10,22:30:00,2885.05,2885.97,2883.98,2885.94,648
2025-03-10,22:45:00,2885.96,2886.13,2884.1,2884.66,596
2025-03-10,23:00:00,2884.7,2885.79,2884.27,2884.93,1159
2025-03-10,23:15:00,2884.92,2885.28,2884.05,2884.16,1505
2025-03-10,23:30:00,2884.16,2884.17,2882.66,2883.23,2014
2025-03-10,23:45:00,2883.22,2884.98,2882.24,2884.56,2216
2025-03-11,00:00:00,2884.56,2887.31,2884.15,2887.04,4361
2025-03-11,00:15:00,2887.06,2888.61,2885.2,2887.23,7448
2025-03-11,00:30:00,2887.23,2888.11,2885.26,2885.7,6030
2025-03-11,00:45:00,2885.67,2888.12,2884.74,2887.25,3050
2025-03-11,01:00:00,2887.23,2888.52,2880.21,2885.5,10506
2025-03-11,01:15:00,2885.53,2890.07,2885.39,2889.45,7083
2025-03-11,01:30:00,2889.44,2890.31,2887.03,2890.15,6858
2025-03-11,01:45:00,2890.15,2890.89,2889.38,2890.57,4373
2025-03-11,02:00:00,2890.55,2894.01,2889.88,2893.9,6128
2025-03-11,02:15:00,2893.93,2899.04,2893.14,2897.8,6243
2025-03-11,02:30:00,2897.79,2898.74,2896.29,2897.56,6175
2025-03-11,02:45:00,2897.57,2900.41,2895.99,2898.99,6405
2025-03-11,03:00:00,2899.0,2899.3,2897.54,2898.3,4116
2025-03-11,03:15:00,2898.41,2898.72,2895.22,2895.77,5049
2025-03-11,03:30:00,2895.77,2896.94,2895.1,2896.88,3263
2025-03-11,03:45:00,2896.89,2897.26,2895.78,2896.88,3385
2025-03-11,04:00:00,2896.87,2897.46,2895.45,2897.35,3104
2025-03-11,04:15:00,2897.36,2897.71,2896.14,2897.5,2504
2025-03-11,04:30:00,2897.5,2898.18,2897.13,2897.95,2635
2025-03-11,04:45:00,2897.95,2898.56,2896.9,2897.66,1583
2025-03-11,05:00:00,2897.65,2898.76,2896.92,2897.75,3339
2025-03-11,05:15:00,2897.75,2898.64,2897.49,2897.53,2891
2025-03-11,05:30:00,2897.52,2899.0,2895.72,2895.84,5519
2025-03-11,05:45:00,2895.83,2896.09,2892.67,2895.81,5290
2025-03-11,06:00:00,2895.81,2897.11,2894.59,2895.2,3726
2025-03-11,06:15:00,2895.21,2897.86,2893.43,2897.86,7597
2025-03-11,06:30:00,2897.85,2901.97,2897.31,2900.09,6250
2025-03-11,06:45:00,2900.09,2902.72,2899.72,2902.32,5044
2025-03-11,07:00:00,2902.31,2903.47,2899.79,2899.81,4277
2025-03-11,07:15:00,2899.8,2900.88,2897.9,2900.18,5177
2025-03-11,07:30:00,2900.17,2901.1,2897.51,2899.64,5158
2025-03-11,07:45:00,2899.64,2901.85,2899.11,2900.96,8916
2025-03-11,08:00:00,2900.98,2904.22,2900.35,2904.14,9339
2025-03-11,08:15:00,2904.15,2907.34,2903.87,2907.25,3884
2025-03-11,08:30:00,2907.24,2909.16,2906.41,2909.12,3919
2025-03-11,08:45:00,2909.1,2910.24,2907.26,2909.91,5904
2025-03-11,09:00:00,2909.91,2911.62,2908.93,2910.13,5917
2025-03-11,09:15:00,2910.12,2910.94,2909.12,2910.91,7476
2025-03-11,09:30:00,2910.94,2911.26,2908.7,2910.48,8342
2025-03-11,09:45:00,2910.47,2912.35,2909.88,2911.63,6315
2025-03-11,10:00:00,2911.64,2912.78,2910.83,2911.45,4489
2025-03-11,10:15:00,2911.44,2914.09,2911.21,2912.73,4230
2025-03-11,10:30:00,2912.72,2914.23,2910.94,2914.21,5872
2025-03-11,10:45:00,2914.2,2914.42,2911.89,2911.89,4696
2025-03-11,11:00:00,2911.9,2913.43,2910.59,2912.45,7172
2025-03-11,11:15:00,2912.45,2913.61,2911.68,2913.46,4978
2025-03-11,11:30:00,2913.46,2915.36,2912.31,2914.66,5568
2025-03-11,11:45:00,2914.63,2915.24,2912.8,2913.52,4239
2025-03-11,12:00:00,2913.53,2914.01,2912.44,2912.56,6290
2025-03-11,12:15:00,2912.56,2914.11,2910.44,2912.8,8527
2025-03-11,12:30:00,2912.78,2915.92,2912.19,2915.48,8566
2025-03-11,12:45:00,2915.49,2915.63,2911.17,2913.02,8023
2025-03-11,13:00:00,2913.02,2913.79,2907.45,2907.81,10697
2025-03-11,13:15:00,2907.8,2912.33,2906.8,2911.28,7677
2025-03-11,13:30:00,2911.43,2920.78,2910.56,2919.64,20434
2025-03-11,13:45:00,2919.63,2922.21,2916.24,2917.63,15226
2025-03-11,14:00:00,2917.61,2920.58,2915.29,2918.9,15485
2025-03-11,14:15:00,2918.9,2920.87,2915.09,2915.99,10759
2025-03-11,14:30:00,2916.02,2916.67,2911.79,2915.31,10616
2025-03-11,14:45:00,2915.31,2915.93,2913.29,2913.99,9598
2025-03-11,15:00:00,2913.97,2919.82,2913.89,2919.42,13451
2025-03-11,15:15:00,2919.41,2919.48,2914.22,2915.35,9545
2025-03-11,15:30:00,2915.36,2919.69,2914.53,2918.19,7215
2025-03-11,15:45:00,2918.18,2918.85,2916.21,2916.82,6864
2025-03-11,16:00:00,2916.82,2917.69,2915.69,2916.06,5704
2025-03-11,16:15:00,2916.04,2917.84,2915.74,2916.49,4818
2025-03-11,16:30:00,2916.49,2918.05,2915.07,2916.35,5895
